yyyymm,Year,Month,Excess_Return,USA_Vulnerability,Global_Vulnerability,dp,dfy,tms,b/m,infl,de,dfr,USA_Vuln_sq
199501,1995,1,0.0218,0.31692616602175,0.4568753004955039,0.027996258662471837,0.006199999999999997,0.020900000000000002,0.2908537343814016,0.004008016032064354,0.42144,-0.0017000000000000001,0.10044219470924584
199502,1995,2,0.035227999999999995,0.31692616602175,0.4568753004955039,0.027021481770245593,0.0059000000000000025,0.018100000000000012,0.27873003559222,0.003992015968063756,0.4128526645768024,0.0001999999999999988,0.10044219470924584
199503,1995,3,0.024734,0.31692616602175,0.4568753004955039,0.026302650236663935,0.0058,0.018199999999999994,0.3138765418776539,0.003313452617627499,0.40460829493087547,0.0003999999999999993,0.10044219470924584
199504,1995,4,0.024995,0.31692616602175,0.4568753004955039,0.02571091812217883,0.005699999999999997,0.017999999999999995,0.3019947008247009,0.0033025099075296716,0.3988847583643122,0.0006000000000000033,0.10044219470924584
199505,1995,5,0.034408999999999995,0.31692616602175,0.4568753004955039,0.024929383827021624,0.005499999999999991,0.010999999999999996,0.2922642542456368,0.0019749835418036987,0.3933734345725274,-0.015899999999999997,0.10044219470924584
199506,1995,6,0.019455,0.31692616602175,0.4568753004955039,0.024526847177604408,0.006000000000000005,0.012300000000000005,0.28642961789533944,0.001971090670170872,0.38806273598605867,-0.005999999999999998,0.10044219470924584
199507,1995,7,0.028904999999999997,0.31692616602175,0.4568753004955039,0.023898397561351696,0.006299999999999986,0.014899999999999997,0.27716036719066023,0.0,0.38732218377547095,0.006699999999999999,0.10044219470924584
199508,1995,8,-0.0011979999999999994,0.31692616602175,0.4568753004955039,0.02403300823426117,0.006199999999999997,0.013399999999999995,0.28304613470217127,0.0026229508196722318,0.386592232083214,-0.0022000000000000006,0.10044219470924584
199509,1995,9,0.037802,0.31692616602175,0.4568753004955039,0.02322855529508393,0.006099999999999994,0.013499999999999998,0.2724949975926904,0.0019620667102679956,0.3858726549175668,-0.0022000000000000023,0.10044219470924584
199510,1995,10,-0.008142,0.31692616602175,0.4568753004955039,0.023466895958727425,0.0063,0.011300000000000004,0.27442024525926073,0.0032637075718016106,0.3924271472392637,-0.0109,0.10044219470924584
199511,1995,11,0.039979,0.31692616602175,0.4568753004955039,0.02265886978211672,0.006599999999999995,0.0087,0.25716885151700014,-0.0006506180871828082,0.3991367604267701,-0.0006999999999999992,0.10044219470924584
199512,1995,12,0.012742999999999999,0.31692616602175,0.4568753004955039,0.02238566070819736,0.0067000000000000115,0.008900000000000005,0.2550263829395351,-0.0006510416666666297,0.40600706713780915,-0.004399999999999998,0.10044219470924584
199601,1996,1,0.030561000000000005,0.314368322695332,0.4566136293976144,0.02184417680785719,0.006600000000000009,0.0109,0.24187717210079357,0.005863192182410382,0.40878775990584537,0.0025,0.09882744231427638
199602,1996,2,0.006187999999999999,0.314368322695332,0.4566136293976144,0.021858230667936646,0.006399999999999989,0.017599999999999998,0.23789473710345846,0.0032383419689119286,0.41156409251274,0.011000000000000003,0.09882744231427638
199603,1996,3,0.005684999999999999,0.314368322695332,0.4566136293976144,0.021849728892331523,0.0068000000000000005,0.018800000000000004,0.23929961540850445,0.005164622336991442,0.4143360752056404,0.008000000000000002,0.09882744231427638
199604,1996,4,0.010533,0.314368322695332,0.4566136293976144,0.021646259127342027,0.006900000000000003,0.021099999999999994,0.24007580620728264,0.003853564547206423,0.4124769395086902,0.0005000000000000004,0.09882744231427638
199605,1996,5,0.021057000000000003,0.314368322695332,0.4566136293976144,0.02124681173282321,0.0068000000000000005,0.021500000000000005,0.23692351549588916,0.0019193857965449368,0.4106489505103022,0.005900000000000001,0.09882744231427638
199606,1996,6,0.00012799999999999964,0.314368322695332,0.4566136293976144,0.02128297272713717,0.006900000000000003,0.0194,0.23644372524397833,0.0006385696040867028,0.40885133199656254,-0.0030999999999999986,0.09882744231427638
199607,1996,7,-0.048944,0.314368322695332,0.4566136293976144,0.022506966690105996,0.006999999999999992,0.019199999999999995,0.24181989379253627,0.0019144862795150708,0.4083349083349082,-0.0007999999999999999,0.09882744231427638
199608,1996,8,0.017828,0.314368322695332,0.4566136293976144,0.02229124168571093,0.007199999999999998,0.0221,0.23806111786702766,0.0019108280254778176,0.4078290150593958,0.006899999999999999,0.09882744231427638
199609,1996,9,0.051635,0.314368322695332,0.4566136293976144,0.02133535086060148,0.0068999999999999895,0.019500000000000003,0.22729731810082116,0.0031786395422759295,0.4073333333333334,-0.003100000000000002,0.09882744231427638
199610,1996,10,0.022598,0.314368322695332,0.4566136293976144,0.020903105666387815,0.006800000000000014,0.017200000000000007,0.22174765584938821,0.003168567807350975,0.3994129865438454,-0.004299999999999998,0.09882744231427638
199611,1996,11,0.07234099999999999,0.314368322695332,0.4566136293976144,0.01957764215828732,0.006900000000000003,0.013999999999999992,0.20500791909557914,0.0018951358180667732,0.3918737881191609,-0.008799999999999999,0.09882744231427638
199612,1996,12,-0.024398,0.314368322695332,0.4566136293976144,0.02011367011367011,0.0068999999999999895,0.018199999999999994,0.20734272969549994,0.0,0.38468887167570354,0.007000000000000003,0.09882744231427638
199701,1997,1,0.05832699999999999,0.315470468055627,0.4558010192786283,0.01901945320715037,0.006699999999999998,0.0186,0.1962401028604843,0.0031525851197982124,0.38111299915038227,0.0051,0.09952161621523638
199702,1997,2,0.003852,0.315470468055627,0.4558010192786283,0.018974819385785217,0.0063,0.019300000000000005,0.19439541077479064,0.00314267756128217,0.3776277157956547,0.0023,0.09952161621523638
199703,1997,3,-0.045988,0.315470468055627,0.4558010192786283,0.019889845731191885,0.0063,0.02090000000000001,0.2147802022701851,0.0025062656641603454,0.37422962226640155,0.0030999999999999986,0.09952161621523638
199704,1997,4,0.055974,0.315470468055627,0.4558010192786283,0.018834701874360444,0.006099999999999994,0.018899999999999993,0.20174104781366,0.0012499999999999734,0.37411385606874326,-0.007099999999999999,0.09952161621523638
199705,1997,5,0.056500999999999996,0.315470468055627,0.4558010192786283,0.01783255528834819,0.006199999999999983,0.0196,0.19287858787625403,-0.0006242197253433224,0.3739986813911324,0.0031000000000000003,0.09952161621523638
199706,1997,6,0.040403,0.315470468055627,0.4558010192786283,0.0171283638746413,0.006099999999999994,0.019500000000000003,0.18428761503037272,0.0012492192379762734,0.37388409371146736,-0.0007999999999999986,0.09952161621523638
199707,1997,7,0.076088,0.315470468055627,0.4558010192786283,0.01594728366988372,0.006100000000000008,0.01320000000000001,0.17196494296306417,0.0012476606363067688,0.3750205355676032,-0.009800000000000003,0.09952161621523638
199708,1997,8,-0.059075,0.315470468055627,0.4558010192786283,0.016982964041787573,0.006000000000000005,0.0158,0.18550540381833042,0.0018691588785046953,0.37615529836657646,0.0076999999999999985,0.09952161621523638
199709,1997,9,0.049486,0.315470468055627,0.4558010192786283,0.01618634405877882,0.005499999999999991,0.015399999999999997,0.17796785704812584,0.0024875621890545485,0.37728838582677177,-0.009000000000000005,0.09952161621523638
199710,1997,10,-0.036805000000000004,0.315470468055627,0.4558010192786283,0.01682410910177633,0.005699999999999997,0.012600000000000007,0.19000067732822787,0.002481389578163906,0.38151239669421494,-0.015,0.09952161621523638
199711,1997,11,0.042421,0.315470468055627,0.4558010192786283,0.01616321261600726,0.005500000000000005,0.010000000000000009,0.18074629876792264,-0.0006188118811880639,0.3858011325782812,-0.004700000000000001,0.09952161621523638
199712,1997,12,0.012347,0.315470468055627,0.4558010192786283,0.015969209525674186,0.005600000000000008,0.008599999999999997,0.1788008842040588,-0.0012383900928791824,0.3901560926485398,-0.002100000000000001,0.09952161621523638
199801,1998,1,0.0076939999999999995,0.315899594516552,0.4550144304952535,0.015857714122495616,0.0058,0.0085,0.17884027344671738,0.0018598884066955979,0.3919566313666163,-0.0063,0.09979255381572195
199802,1998,2,0.068056,0.315899594516552,0.4550144304952535,0.01485981664665409,0.0058,0.009000000000000001,0.16546309710866489,0.0018564356435644136,0.3937626262626263,0.0065,0.09979255381572195
199803,1998,3,0.047436,0.315899594516552,0.4550144304952535,0.01419650555933742,0.006000000000000005,0.009899999999999992,0.1811403959656668,0.0018529956763433386,0.3955741021750127,0.0013,0.09979255381572195
199804,1998,4,0.006975,0.315899594516552,0.4550144304952535,0.014161457162131776,0.006400000000000003,0.0109,0.17587292223931028,0.0018495684340320562,0.4001016518424397,0.0027,0.09979255381572195
199805,1998,5,-0.021674,0.315899594516552,0.4550144304952535,0.014527603087585488,0.006099999999999994,0.0092,0.17910220571493346,0.0018461538461538307,0.4046731358529112,-0.0015000000000000013,0.09979255381572195
199806,1998,6,0.03687,0.315899594516552,0.4550144304952535,0.014067240527764058,0.006000000000000005,0.0077999999999999944,0.17806060597750975,0.0012285012285011554,0.4092891968180652,-0.011300000000000001,0.09979255381572195
199807,1998,7,-0.014109,0.315899594516552,0.4550144304952535,0.014289963444487077,0.006000000000000005,0.008800000000000002,0.17943810888819886,0.0012269938650306678,0.4140567094716884,-0.0015999999999999999,0.09979255381572195
199808,1998,8,-0.147424,0.315899594516552,0.4550144304952535,0.016796200345423146,0.006199999999999997,0.005699999999999997,0.21143209159591356,0.001225490196078427,0.4188970907511941,-0.0376,0.09979255381572195
199809,1998,9,0.058575999999999996,0.315899594516552,0.4550144304952535,0.015873000265484116,0.006900000000000003,0.005600000000000001,0.20324840423225912,0.001223990208078174,0.42381202415332114,0.001800000000000003,0.09979255381572195
199810,1998,10,0.07691100000000001,0.315899594516552,0.4550144304952535,0.014708996635325742,0.008099999999999996,0.014400000000000003,0.18551907684869381,0.0024449877750611915,0.425682676266573,0.0028000000000000004,0.09979255381572195
199811,1998,11,0.059064,0.315899594516552,0.4550144304952535,0.013902758322376241,0.009299999999999989,0.009399999999999999,0.17484684447515783,0.0,0.4275658532287904,0.0173,0.09979255381572195
199812,1998,12,0.055873,0.315899594516552,0.4550144304952535,0.013174914377293102,0.010100000000000005,0.010300000000000004,0.17361131536550134,-0.0006097560975609762,0.4294616812516574,0.004200000000000001,0.09979255381572195
199901,1999,1,0.0393,0.316666560690056,0.4541224173008979,0.012722067664864075,0.010500000000000002,0.0102,0.17032061914447988,0.0024405125076265577,0.4291652021089631,0.00020000000000000052,0.10027771065926892
199902,1999,2,-0.035434999999999994,0.316666560690056,0.4541224173008979,0.013214840416797893,0.009899999999999992,0.0143,0.17127680959595618,0.0012172854534386879,0.4288721935878396,0.0119,0.10027771065926892
199903,1999,3,0.034679,0.316666560690056,0.4541224173008979,0.012787145222603139,0.00910000000000001,0.0148,0.17289717073498748,0.003039513677811634,0.42858259510161534,0.001,0.10027771065926892
199904,1999,4,0.033859,0.316666560690056,0.4541224173008979,0.01231943757895315,0.008400000000000005,0.0165,0.15682587641256804,0.0072727272727270975,0.4189675666496858,-0.0045,0.10027771065926892
199905,1999,5,-0.026559,0.316666560690056,0.4541224173008979,0.012634681169216904,0.00789999999999999,0.0165,0.16023113542046816,0.0,0.40977412389968443,0.000899999999999998,0.10027771065926892
199906,1999,6,0.050431000000000004,0.316666560690056,0.4541224173008979,0.011982137523584733,0.00789999999999999,0.017,0.15422744676724118,0.0,0.4009751340809361,-0.0082,0.10027771065926892
199907,1999,7,-0.03402,0.316666560690056,0.4541224173008979,0.012427248279045499,0.007599999999999996,0.0184,0.15879647268893993,0.0030084235860408093,0.3931507936507937,-0.003599999999999999,0.10027771065926892
199908,1999,8,-0.008904,0.316666560690056,0.4541224173008979,0.01255418140325101,0.007499999999999993,0.0177,0.15624302689310163,0.002399520095980767,0.3856832635334264,0.0027,0.10027771065926892
199909,1999,9,-0.031979,0.316666560690056,0.4541224173008979,0.012973314311106954,0.008099999999999996,0.01780000000000001,0.16368449822911238,0.004787552363854086,0.37854868061874436,0.0008999999999999998,0.10027771065926892
199910,1999,10,0.060338,0.316666560690056,0.4541224173008979,0.012222197765108994,0.008300000000000016,0.0165,0.15769066072892163,0.0017867778439546456,0.36721287383349255,0.0059,0.10027771065926892
199911,1999,11,0.017222,0.316666560690056,0.4541224173008979,0.012005817511573823,0.007900000000000004,0.015499999999999993,0.15554596711910032,0.0005945303210466157,0.3565573770491803,0.0037000000000000006,0.10027771065926892
199912,1999,12,0.058178999999999995,0.316666560690056,0.4541224173008979,0.011360898417559979,0.006400000000000003,0.016199999999999992,0.147167259434962,0.0,0.3465227319908657,0.005299999999999999,0.10027771065926892
200001,2000,1,-0.05373,0.316670008240058,0.4534378657043401,0.011986957914413704,0.005499999999999991,0.013400000000000002,0.15465416004384142,0.002970885323826611,0.34045760065177544,-0.024900000000000002,0.10027989411875839
200002,2000,2,-0.021758,0.316670008240058,0.4534378657043401,0.012250015856520444,0.006099999999999994,0.009100000000000004,0.1670564326414902,0.005924170616113722,0.33461717864996343,-0.0172,0.10027989411875839
200003,2000,3,0.09378800000000001,0.316670008240058,0.4534378657043401,0.011185255375088419,0.006900000000000003,0.004899999999999995,0.14997356178980206,0.008244994110718329,0.32898920510304225,-0.019800000000000005,0.10027989411875839
200004,2000,4,-0.036183,0.316670008240058,0.4534378657043401,0.011527348420692678,0.0076000000000000095,0.006399999999999996,0.15260041819792453,0.0005841121495329116,0.32653751137693415,-0.0039,0.10027989411875839
200005,2000,5,-0.027304000000000002,0.316670008240058,0.4534378657043401,0.011772021211694591,0.00910000000000001,0.006100000000000001,0.15566873114331997,0.0011675423234092097,0.3241165449964469,-0.0107,0.10027989411875839
200006,2000,6,0.022219,0.316670008240058,0.4534378657043401,0.01148356936614877,0.008099999999999996,0.005299999999999992,0.15677796158526175,0.005247813411078717,0.3217257318952234,0.008199999999999995,0.10027989411875839
200007,2000,7,-0.017595,0.316670008240058,0.4534378657043401,0.01159117435334736,0.006999999999999992,0.0015000000000000013,0.15567415100664705,0.002320185614849146,0.31582455249460456,0.0005999999999999998,0.10027989411875839
200008,2000,8,0.057594,0.316670008240058,0.4534378657043401,0.010849454430446472,0.007099999999999995,-0.0014999999999999944,0.14605306404363275,0.0,0.31005523474767765,-0.0105,0.10027989411875839
200009,2000,9,-0.057188,0.316670008240058,0.4534378657043401,0.01137966321153351,0.007299999999999987,0.0011999999999999997,0.1537894628785958,0.005208333333333259,0.3044134078212291,0.0203,0.10027989411875839
200010,2000,10,-0.009720000000000001,0.316670008240058,0.4534378657043401,0.01141854391119817,0.007900000000000004,-0.0011000000000000038,0.14930078887157974,0.0017271157167531026,0.3110864040660737,-0.0142,0.10027989411875839
200011,2000,11,-0.083368,0.316670008240058,0.4534378657043401,0.012393120143985196,0.008300000000000002,-0.0040999999999999995,0.1572808929257013,0.0005747126436781436,0.31808067664281064,-0.005599999999999997,0.10027989411875839
200012,2000,12,0.0007200000000000002,0.316670008240058,0.4534378657043401,0.01232390099069894,0.008099999999999996,-0.001899999999999992,0.15185150364920535,-0.0005743825387707346,0.32541999999999993,0.002700000000000001,0.10027989411875839
200101,2001,1,0.026971999999999996,0.317225898559834,0.45348293811342544,0.01183861513946945,0.0077999999999999875,0.004699999999999996,0.15044966622190453,0.006321839080459801,0.3335739823982397,0.0354,0.1006322707170941
200102,2001,2,-0.094752,0.317225898559834,0.45348293811342544,0.012962186342349897,0.007700000000000012,0.006100000000000001,0.15607009127121954,0.003997715591090856,0.34225582055650194,-0.0063999999999999994,0.1006322707170941
200103,2001,3,-0.067906,0.317225898559834,0.45348293811342544,0.01376591142175071,0.008599999999999997,0.011700000000000002,0.1331135514482312,0.0022753128555175195,0.3515184859154929,0.0045000000000000005,0.1006322707170941
200104,2001,4,0.073924,0.317225898559834,0.45348293811342544,0.012707356244564318,0.0087,0.0206,0.12249690060368182,0.0039727582292850006,0.3730868645727265,0.018500000000000003,0.1006322707170941
200105,2001,5,0.0036589999999999995,0.317225898559834,0.45348293811342544,0.012566822209127635,0.007800000000000001,0.0232,0.120510187998605,0.0045223289994347216,0.39779028734666444,0.0095,0.1006322707170941
200106,2001,6,-0.027305,0.317225898559834,0.45348293811342544,0.012810963558256153,0.00789999999999999,0.024099999999999996,0.12520943283134334,0.0016882386043894915,0.4263658602881218,-0.003000000000000001,0.1006322707170941
200107,2001,7,-0.012317000000000002,0.317225898559834,0.45348293811342544,0.01296423195154237,0.00839999999999999,0.020999999999999998,0.12496658328228791,-0.002808988764044895,0.462341741093336,-0.0015000000000000013,0.1006322707170941
200108,2001,8,-0.06653500000000001,0.317225898559834,0.45348293811342544,0.013866981892176411,0.008300000000000002,0.021000000000000005,0.13216414381465613,0.0,0.5048495878385613,-0.005000000000000001,0.1006322707170941
200109,2001,9,-0.083161,0.317225898559834,0.45348293811342544,0.015117105692931388,0.008599999999999997,0.0278,0.14862858821556416,0.004507042253521165,0.5558459908159661,-0.0233,0.1006322707170941
200110,2001,10,0.017339999999999998,0.317225898559834,0.45348293811342544,0.01484962287770418,0.008800000000000002,0.028999999999999998,0.14490139957107073,-0.0033651149747617737,0.5806419874554176,-0.002699999999999994,0.1006322707170941
200111,2001,11,0.07708699999999999,0.317225898559834,0.45348293811342544,0.013812511884388666,0.008400000000000005,0.0366,0.13348136666603183,-0.0016882386043892694,0.6077487450122281,0.028300000000000002,0.1006322707170941
200112,2001,12,0.007551,0.317225898559834,0.45348293811342544,0.013709846003762806,0.012800000000000006,0.040600000000000004,0.1312178459137877,-0.003945885005637084,0.6375050627784528,0.009300000000000001,0.1006322707170941
200201,2002,1,-0.015724000000000002,0.316719146565441,0.4531056528077553,0.01392378929982894,0.013200000000000003,0.0404,0.1325605486679537,0.002263723825693287,0.6372840172786177,0.0037,0.10031101780114128
200202,2002,2,-0.020780999999999997,0.316719146565441,0.4531056528077553,0.014216053900529789,0.013800000000000007,0.0391,0.13011908568679617,0.0039525691699606735,0.6370630314482386,0.0015000000000000013,0.10031101780114128
200203,2002,3,0.036272,0.316719146565441,0.4531056528077553,0.013709375190650084,0.012999999999999998,0.0425,0.23683340230085725,0.0056242969628796935,0.6368421052631579,0.014099999999999998,0.10031101780114128
200204,2002,4,-0.062501,0.316719146565441,0.4531056528077553,0.014702113434609813,0.012700000000000003,0.040400000000000005,0.24773231255207134,0.005592841163311046,0.6238376674546887,-0.015700000000000002,0.10031101780114128
200205,2002,5,-0.0092,0.316719146565441,0.4531056528077553,0.014933373315591206,0.013399999999999995,0.040499999999999994,0.24825561406925717,0.0,0.6115118956254797,0.009800000000000001,0.10031101780114128
200206,2002,6,-0.07264899999999999,0.316719146565441,0.4531056528077553,0.01620411998262293,0.013200000000000003,0.039599999999999996,0.26657250177680364,0.0005561735261401246,0.59981301421092,-0.0114,0.10031101780114128
200207,2002,7,-0.075487,0.316719146565441,0.4531056528077553,0.017506197757837696,0.013700000000000004,0.037599999999999995,0.28203219448297867,0.0011117287381878782,0.5732399425287357,-0.020900000000000002,0.10031101780114128
200208,2002,8,0.005660999999999999,0.316719146565441,0.4531056528077553,0.017333828200901676,0.0121,0.0348,0.284411555995003,0.003331482509716821,0.5486869384934348,-0.0011999999999999997,0.10031101780114128
200209,2002,9,-0.110365,0.316719146565441,0.4531056528077553,0.01937838069889242,0.012500000000000004,0.031700000000000006,0.3245551554638465,0.0016602102933038765,0.5259320905459387,-0.0087,0.10031101780114128
200210,2002,10,0.087199,0.316719146565441,0.4531056528077553,0.017940149325626202,0.014100000000000001,0.034999999999999996,0.2934370637545664,0.0016574585635360517,0.5437663967149537,0.005400000000000002,0.10031101780114128
200211,2002,11,0.057819,0.316719146565441,0.4531056528077553,0.01706948909371184,0.013100000000000014,0.0398,0.27697549934051,0.0,0.5626261440976297,0.0252,0.10031101780114128
200212,2002,12,-0.059933999999999994,0.316719146565441,0.4531056528077553,0.018269646063967627,0.012399999999999994,0.0365,0.29538589561836665,-0.0022062879205736463,0.5826023921710765,-0.014600000000000002,0.10031101780114128
200301,2003,1,-0.027579,0.317031775438418,0.4520165849631017,0.018843052471660626,0.011799999999999998,0.0378,0.3059423071509392,0.004422332780541716,0.5657543859649122,0.0127,0.1005091466376355
200302,2003,2,-0.016146,0.317031775438418,0.4520165849631017,0.019228437258515127,0.011099999999999992,0.035500000000000004,0.312251320581896,0.007705008255366019,0.5499489969398164,-0.006499999999999999,0.1005091466376355
200303,2003,3,0.009308,0.317031775438418,0.4520165849631017,0.01912801527977552,0.010600000000000012,0.0373,0.2861177007992168,0.006007646095030017,0.5350923482849604,0.0055,0.1005091466376355
200304,2003,4,0.081774,0.317031775438418,0.4520165849631017,0.017672570489610146,0.011099999999999992,0.0368,0.2696540306098937,-0.0021715526601518986,0.5106944006723395,0.0127,0.1005091466376355
200305,2003,5,0.052351,0.317031775438418,0.4520165849631017,0.01679621692490236,0.0116,0.0329,0.2583755061075094,-0.0016322089227421843,0.48837256085294706,-0.0121,0.1005091466376355
200306,2003,6,0.011816,0.317031775438418,0.4520165849631017,0.016587823624180358,0.01220000000000001,0.036,0.2544883372653901,0.0010899182561308063,0.4678726483357453,0.0011000000000000003,0.1005091466376355
200307,2003,7,0.017232,0.317031775438418,0.4520165849631017,0.01646487800116462,0.01129999999999999,0.0452,0.24764333478963677,0.0010887316276537717,0.4542719167904904,0.010100000000000012,0.1005091466376355
200308,2003,8,0.018897,0.317031775438418,0.4520165849631017,0.016314983647649,0.011299999999999998,0.043699999999999996,0.24285607334599177,0.0038064165307232223,0.44165249306239374,0.005299999999999999,0.1005091466376355
200309,2003,9,-0.011537,0.317031775438418,0.4520165849631017,0.016653112041527356,0.010700000000000001,0.0396,0.24654178263370644,0.003250270855904569,0.42991187143597726,-0.004299999999999998,0.1005091466376355
200310,2003,10,0.05486,0.317031775438418,0.4520165849631017,0.01603899585359741,0.010299999999999997,0.0426,0.23330896667445805,-0.001079913606911398,0.4015647339158062,0.008,0.1005091466376355
200311,2003,11,0.008559,0.317031775438418,0.4520165849631017,0.01617715617715618,0.010100000000000005,0.0426,0.2337541521073348,-0.002702702702702675,0.3774511245038954,0.0079,0.1005091466376355
200312,2003,12,0.05098,0.317031775438418,0.4520165849631017,0.015635117634362185,0.009800000000000003,0.0421,0.21873986475412183,-0.0010840108401083404,0.3566885514977432,0.0,0.1005091466376355
200401,2004,1,0.018378000000000002,0.317247522719073,0.4514683063386545,0.01555789343399963,0.009000000000000001,0.0411,0.21802772102016865,0.004883342376559741,0.35318437249130324,0.0,0.10064599067138875
200402,2004,2,0.013803,0.317247522719073,0.4514683063386545,0.01555627369119779,0.007699999999999992,0.039,0.2160532203569188,0.005399568034557323,0.34982977609008775,-0.0052,0.10064599067138875
200403,2004,3,-0.015882,0.317247522719073,0.4514683063386545,0.016004120013141422,0.007800000000000001,0.038,0.281731465479788,0.0064446831364124435,0.34661538461538466,-0.0023,0.10064599067138875
200404,2004,4,-0.016384,0.317247522719073,0.4514683063386545,0.016451428399409974,0.007300000000000001,0.0437,0.28537186680057935,0.0032017075773744796,0.3412425850764908,0.005399999999999995,0.10064599067138875
200405,2004,5,0.013029,0.317247522719073,0.4514683063386545,0.016426931267920667,0.007100000000000002,0.0437,0.2864115738900421,0.005851063829787284,0.3361412051125989,-0.002,0.10064599067138875
200406,2004,6,0.018688,0.317247522719073,0.4514683063386545,0.016305529259142384,0.0076999999999999985,0.040499999999999994,0.2796316029545359,0.0031729243786355887,0.3312911843276936,-0.0028000000000000004,0.10064599067138875
200407,2004,7,-0.033954,0.317247522719073,0.4514683063386545,0.017054242457248663,0.007999999999999993,0.039,0.2877883095275901,-0.001581444385872377,0.33143411536426176,0.0029,0.10064599067138875
200408,2004,8,0.002707,0.317247522719073,0.4514683063386545,0.01718466999927552,0.008100000000000003,0.034499999999999996,0.2868206158491516,0.000527983104540608,0.33157434911759565,0.0,0.10064599067138875
200409,2004,9,0.009717,0.317247522719073,0.4514683063386545,0.017193023381004504,0.00809999999999999,0.0323,0.2894853014849801,0.0021108179419524475,0.3317119612255496,0.0005000000000000004,0.10064599067138875
200410,2004,10,0.013873,0.317247522719073,0.4514683063386545,0.017037692443815252,0.007400000000000004,0.0302,0.29100959663803533,0.00526592943654558,0.33182836463897986,0.0010000000000000009,0.10064599067138875
200411,2004,11,0.039058999999999996,0.317247522719073,0.4514683063386545,0.01648378797430611,0.0068000000000000005,0.029500000000000002,0.27983164589250886,0.0005238344683080598,0.33194372962772345,0.0034000000000000002,0.10064599067138875
200412,2004,12,0.032134,0.317247522719073,0.4514683063386545,0.016042313023961977,0.006800000000000007,0.0265,0.27061924267899223,-0.003664921465968529,0.33205807002561916,0.0006999999999999992,0.10064599067138875
200501,2005,1,-0.025424000000000002,0.317202079106229,0.4500126708466216,0.016679505955454726,0.006599999999999995,0.0232,0.2781798561288244,0.0021019442984759884,0.33334649221746,-0.0023,0.10061715898931435
200502,2005,2,0.019552,0.317202079106229,0.4500126708466216,0.01658690594882021,0.006199999999999997,0.0225,0.27104102364523147,0.0057682223387520715,0.3346108721157607,0.0016000000000000007,0.10061715898931435
200503,2005,3,-0.01934,0.317202079106229,0.4500126708466216,0.01713126487603656,0.006599999999999988,0.021400000000000002,0.3198568893424831,0.007820646506777829,0.3358518764530057,-0.005300000000000001,0.10061715898931435
200504,2005,4,-0.021026,0.317202079106229,0.4500126708466216,0.01768451686332138,0.007199999999999998,0.018300000000000004,0.32962440066283966,0.0067252974650799935,0.3341045182362548,-0.0046,0.10061715898931435
200505,2005,5,0.029594000000000002,0.317202079106229,0.4500126708466216,0.017366065183941813,0.008599999999999997,0.0156,0.32096550459136297,-0.0010277492291880241,0.33241405162257687,-0.00020000000000000226,0.10061715898931435
200506,2005,6,-0.000583,0.317202079106229,0.4500126708466216,0.017564402810304452,0.009000000000000008,0.0132,0.32697905687315876,0.0005144032921811093,0.33077774264938353,-0.0026,0.10061715898931435
200507,2005,7,0.034964,0.317202079106229,0.4500126708466216,0.01710204346205578,0.008900000000000005,0.013400000000000002,0.31573427460621317,0.004627249357326502,0.32810508316493087,0.004399999999999998,0.10061715898931435
200508,2005,8,-0.012159,0.317202079106229,0.4500126708466216,0.017445281194431016,0.0087,0.008800000000000002,0.32053312471378415,0.0051177072671442225,0.32551987767584095,-0.010000000000000002,0.10061715898931435
200509,2005,9,0.005167,0.317202079106229,0.4500126708466216,0.017473002335592975,0.009000000000000001,0.012199999999999996,0.31789150983564674,0.012219959266802416,0.3230179028132993,0.002799999999999997,0.10061715898931435
200510,2005,10,-0.018372,0.317202079106229,0.4500126708466216,0.01799432758082645,0.009500000000000001,0.011299999999999998,0.32180818710985654,0.002012072434607548,0.3213394486363861,-0.0008000000000000021,0.10061715898931435
200511,2005,11,0.035189,0.317202079106229,0.4500126708466216,0.017581447215374933,0.0097,0.009299999999999996,0.310914345628811,-0.008032128514056214,0.3197157133847572,0.002300000000000001,0.10061715898931435
200512,2005,12,-0.0032600000000000003,0.317202079106229,0.4500126708466216,0.017797146496407085,0.009500000000000008,0.007199999999999998,0.3134779566130161,-0.004048582995951344,0.318144064155807,-0.004200000000000002,0.10061715898931435
200601,2006,1,0.022942,0.317069547351601,0.4495320267250353,0.01750307272462138,0.009500000000000001,0.0049999999999999975,0.30922625786250346,0.007621951219512146,0.31656383930673954,0.0025000000000000005,0.10053309785774914
200602,2006,2,-0.0009750000000000002,0.317069547351601,0.4495320267250353,0.01764298616859015,0.009199999999999993,0.0013999999999999985,0.3056103611163415,0.0020171457387794245,0.3150253288097783,-0.011000000000000001,0.10053309785774914
200603,2006,3,0.009209,0.317069547351601,0.4495320267250353,0.01759558874636064,0.008800000000000002,0.005600000000000001,0.3160094407218444,0.005535983895319729,0.31352690243566805,0.013500000000000005,0.10053309785774914
200604,2006,4,0.008464,0.317069547351601,0.4495320267250353,0.01755035187177472,0.008399999999999998,0.007199999999999998,0.30884197784139195,0.008508508508508372,0.31390165127598596,0.0023,0.10053309785774914
200605,2006,5,-0.032619,0.317069547351601,0.4495320267250353,0.018281644082965252,0.008,0.0063,0.3143403075308619,0.00496277915632759,0.31427024588314917,-0.003,0.10053309785774914
200606,2006,6,-0.002413,0.317069547351601,0.4495320267250353,0.018451424972445285,0.008900000000000005,0.005200000000000003,0.314850289949436,0.0019753086419753707,0.31463283662236546,-0.0053,0.10053309785774914
200607,2006,7,0.0015710000000000003,0.317069547351601,0.4495320267250353,0.018530122872704294,0.009099999999999997,0.0022999999999999965,0.3138521752812525,0.0029571217348447476,0.3118874972533509,0.003799999999999998,0.10053309785774914
200608,2006,8,0.019950000000000002,0.317069547351601,0.4495320267250353,0.018312599387441005,0.009100000000000004,0.0,0.30846179867588075,0.0019656019656020263,0.309238872339507,0.006200000000000001,0.10053309785774914
200609,2006,9,0.022387,0.317069547351601,0.4495320267250353,0.018037953363027284,0.0092,0.00030000000000000165,0.3005932835405559,-0.004904364884747436,0.3066819396716304,0.001299999999999999,0.10053309785774914
200610,2006,10,0.028427,0.317069547351601,0.4495320267250353,0.017677596024984154,0.009099999999999997,-0.0011000000000000038,0.2905991608123019,-0.005421389847215297,0.30620574062434525,0.004999999999999999,0.10053309785774914
200611,2006,11,0.014185,0.317069547351601,0.4495320267250353,0.0175787562263648,0.0087,-0.002700000000000008,0.28724186769192755,-0.0014866204162538033,0.3057411316693572,0.0039000000000000007,0.10053309785774914
200612,2006,12,0.009768,0.317069547351601,0.4495320267250353,0.017544948177395474,0.008999999999999994,0.0006000000000000033,0.28168239971435793,0.0014888337468983437,0.305287694761379,0.00040000000000000105,0.10053309785774914
200701,2007,1,0.010912999999999999,0.316557469705778,0.44844874816378655,0.017443078577520674,0.009399999999999992,0.0003999999999999976,0.2781442104821145,0.0030525272547075044,0.3057318113498802,0.0051,0.10020863162652457
200702,2007,2,-0.023088,0.316557469705778,0.44844874816378655,0.01797718732081337,0.008900000000000012,-0.002600000000000005,0.2861484941676455,0.005350367559876723,0.3061700496348009,-0.004800000000000002,0.10020863162652457
200703,2007,3,0.006593999999999999,0.316557469705778,0.44844874816378655,0.01794265444871416,0.009699999999999993,-0.0001000000000000098,0.2690500134610926,0.009105695851085338,0.30660252555622375,-0.008599999999999998,0.10020863162652457
200704,2007,4,0.039591,0.316557469705778,0.44844874816378655,0.01735014425098547,0.0092,0.0001999999999999988,0.25445616893961986,0.006496162686508988,0.30713228006099064,0.0055,0.10020863162652457
200705,2007,5,0.030358999999999997,0.316557469705778,0.44844874816378655,0.016950429673378543,0.0092,0.003699999999999995,0.2439114941253988,0.006110718674704696,0.3076546188239664,0.0022000000000000006,0.10020863162652457
200706,2007,6,-0.02062,0.316557469705778,0.44844874816378655,0.01740778927062893,0.009100000000000004,0.005999999999999998,0.24789560997351326,0.0019379751766057662,0.3081696964761864,-0.0057,0.10020863162652457
200707,2007,7,-0.035197,0.316557469705778,0.44844874816378655,0.01816799173578328,0.0092,0.001899999999999999,0.25158496439999195,-0.0002543772078021922,0.31926133918553506,-0.0316,0.10020863162652457
200708,2007,8,0.010894000000000001,0.316557469705778,0.44844874816378655,0.018119978199761643,0.008600000000000003,0.006699999999999998,0.24883985118762977,-0.0018339022270870142,0.3309320215069895,-0.004700000000000001,0.10020863162652457
200709,2007,9,0.034268,0.316557469705778,0.44844874816378655,0.017670214507941706,0.0085,0.009999999999999995,0.23920743671233688,0.002755907405358915,0.3432283019099436,0.0123,0.10020863162652457
200710,2007,10,0.01416,0.316557469705778,0.44844874816378655,0.01757434156458282,0.008200000000000006,0.009000000000000001,0.2386170601315469,0.002139191328121237,0.36568709571641156,-0.006699999999999999,0.10020863162652457
200711,2007,11,-0.044782,0.316557469705778,0.44844874816378655,0.01855372663398913,0.009599999999999997,0.011799999999999998,0.2485796916031034,0.005939617873415681,0.3907903270146856,-0.038900000000000004,0.10020863162652457
200712,2007,12,-0.008816000000000001,0.316557469705778,0.44844874816378655,0.01888637663788172,0.0116,0.015,0.2505829731427226,-0.000670863129647814,0.41903427178334995,0.0057,0.10020863162652457
200801,2008,1,-0.063266,0.314880888299999,0.44747571107846484,0.020254615356715387,0.0121,0.0161,0.2627544223091714,0.004970576472604682,0.4345786231398058,-0.0196,0.09914997381659645
200802,2008,2,-0.032719000000000005,0.314880888299999,0.44747571107846484,0.021126834657267606,0.012899999999999995,0.0226,0.2709793210392829,0.0029041121849535667,0.45108575497803693,-0.0089,0.09914997381659645
200803,2008,3,-0.0051,0.314880888299999,0.44747571107846484,0.021397142209117714,0.013800000000000007,0.030600000000000002,0.25405756718033023,0.008668212930989627,0.4686479744728055,-0.0165,0.09914997381659645
200804,2008,4,0.046828999999999996,0.314880888299999,0.44747571107846484,0.020524590006182685,0.014199999999999997,0.0329,0.24301469641883508,0.006064778389719416,0.49558676883498654,0.0379,0.09914997381659645
200805,2008,5,0.011186,0.314880888299999,0.44747571107846484,0.020405413768643747,0.013600000000000001,0.0302,0.24651061216997197,0.00842088603175628,0.5255048664193647,-0.011299999999999998,0.09914997381659645
200806,2008,6,-0.084542,0.314880888299999,0.44747571107846484,0.022431250000000003,0.013900000000000003,0.027399999999999997,0.2744913881133144,0.010076996934894167,0.5589254428654857,-0.0281,0.09914997381659645
200807,2008,7,-0.008806,0.314880888299999,0.44747571107846484,0.022691957686986803,0.014899999999999997,0.0302,0.27381565509640515,0.005251011128121874,0.5802542201896564,-0.0084,0.09914997381659645
200808,2008,8,0.013655,0.314880888299999,0.44747571107846484,0.022455560492556825,0.01510000000000001,0.027700000000000002,0.269889245509397,-0.00399156225564179,0.6031967613596706,-0.0121,0.09914997381659645
200809,2008,9,-0.086967,0.314880888299999,0.44747571107846484,0.024738502692136222,0.016599999999999997,0.033,0.28712354824499153,-0.0013830185406644713,0.627943416757345,-0.0975,0.09914997381659645
200810,2008,10,-0.16777999999999998,0.314880888299999,0.44747571107846484,0.029624086021505378,0.025999999999999995,0.041100000000000005,0.33409937361997466,-0.01010133328457874,0.806283948304926,-0.006699999999999998,0.09914997381659645
200811,2008,11,-0.07381199999999999,0.314880888299999,0.44747571107846484,0.03184712428218632,0.03090000000000001,0.0353,0.352867355907324,-0.019152895328595876,1.130999867917052,-0.026900000000000007,0.09914997381659645
200812,2008,12,0.011995,0.314880888299999,0.44747571107846484,0.03142762247439801,0.033800000000000004,0.03,0.35498422472109836,-0.010342473814287434,1.9077284946236566,0.059300000000000005,0.09914997381659645
200901,2009,1,-0.082615,0.314812301493412,0.44731770042682223,0.033914935180252175,0.030900000000000004,0.038099999999999995,0.3893931402374245,0.004352417375421025,2.294620425996724,0.0175,0.09910678517157893
200902,2009,2,-0.103688,0.314812301493412,0.44731770042682223,0.0375904084307137,0.0281,0.037099999999999994,0.4411030549644411,0.004972933035904736,2.8984965034965042,-0.0252,0.09910678517157893
200903,2009,3,0.087434,0.314812301493412,0.44731770042682223,0.03415970020178726,0.029199999999999997,0.0334,0.4461408452185067,0.0024317484554154944,3.9730320699708463,-0.0659,0.09910678517157893
200904,2009,4,0.09412999999999999,0.314812301493412,0.44731770042682223,0.03059237787529169,0.030000000000000006,0.0394,0.4155974691850757,0.002496368277788097,3.7731512011304766,0.0619,0.09910678517157893
200905,2009,5,0.05464,0.314812301493412,0.44731770042682223,0.028447969478715616,0.025200000000000007,0.0414,0.3993550838614501,0.0028887638341774657,3.5851462522851927,0.0737,0.09910678517157893
200906,2009,6,0.002376,0.314812301493412,0.44731770042682223,0.027840142714180047,0.018899999999999993,0.0411,0.4018764058245531,0.008589892263953347,3.4079893475366183,0.0267,0.09910678517157893
200907,2009,7,0.074382,0.314812301493412,0.44731770042682223,0.02534701124748518,0.016800000000000002,0.041199999999999994,0.37012585576578155,-0.0015855869221532704,2.724564586357039,0.0546,0.09910678517157893
200908,2009,8,0.034650999999999994,0.314812301493412,0.44731770042682223,0.023971050276629238,0.013199999999999996,0.0398,0.3574715572834836,0.002242850044810618,2.2521018717397974,0.00040000000000000105,0.09910678517157893
200909,2009,9,0.036433999999999994,0.314812301493412,0.44731770042682223,0.02261039845612442,0.011799999999999991,0.0391,0.3495214306012594,0.0006254806934959944,1.9059808612440192,0.0097,0.09910678517157893
200910,2009,10,-0.018259,0.314812301493412,0.44731770042682223,0.022584982805598713,0.011399999999999993,0.0413,0.349505236941622,0.000963101185818438,0.9231689677843524,0.0187,0.09910678517157893
200911,2009,11,0.060257,0.314812301493412,0.44731770042682223,0.020904563280182784,0.011300000000000004,0.0401,0.3281491062210725,0.0007077533687673832,0.6002009084556255,-0.016399999999999998,0.09910678517157893
200912,2009,12,0.018883,0.314812301493412,0.44731770042682223,0.020092368397453146,0.011100000000000006,0.0453,0.3255306600946486,-0.001761198169463296,0.43957229742986076,0.0309,0.09910678517157893
201001,2010,1,-0.035751,0.313211872231201,0.4447890747373513,0.020708279400672335,0.009899999999999999,0.043458899999999995,0.33719466829834727,0.0034174735701484327,0.40961503039233743,-0.0168109,0.09810167690657419
201002,2010,2,0.030424,0.313211872231201,0.4447890747373513,0.019982978569294423,0.009899999999999999,0.0429712,0.3287713820281523,0.0002492073820765661,0.38311057108140945,0.0007258000000000004,0.09810167690657419
201003,2010,3,0.060913999999999996,0.313211872231201,0.4447890747373513,0.018730492633163162,0.009999999999999995,0.044277699999999996,0.3818781702977812,0.004106283536571276,0.3594945018874117,0.0223838,0.09810167690657419
201004,2010,4,0.015877000000000002,0.313211872231201,0.4447890747373513,0.018495422842809268,0.009599999999999997,0.0421358,0.376606129202506,0.001736884910697345,0.34845999153259943,0.0053437,0.09810167690657419
201005,2010,5,-0.080211,0.313211872231201,0.4447890747373513,0.020187685689195677,0.0109,0.039081000000000005,0.4090027948144502,0.000775197354237811,0.3381233024137755,-0.0487867,0.09810167690657419
201006,2010,6,-0.053625000000000006,0.313211872231201,0.4447890747373513,0.021380407680142814,0.013500000000000005,0.0364074,0.42417654148446593,-0.0009762670846739097,0.32842026825633386,0.0073811000000000015,0.09810167690657419
201007,2010,7,0.070351,0.313211872231201,0.4447890747373513,0.020100157346889375,0.012900000000000002,0.0360576,0.39613355322121085,0.00021104305737162932,0.3223672716684461,0.0145417,0.09810167690657419
201008,2010,8,-0.045534000000000005,0.313211872231201,0.4447890747373513,0.02120178272484983,0.011700000000000002,0.0311078,0.41398161905674846,0.0013806642784079948,0.31658761028365434,-0.0228938,0.09810167690657419
201009,2010,9,0.090283,0.313211872231201,0.4447890747373513,0.01958727655099895,0.011300000000000004,0.032563,0.3843057827874361,0.0005817362307156682,0.31106317840244924,0.0009353,0.09810167690657419
201010,2010,10,0.038625999999999994,0.313211872231201,0.4447890747373513,0.018996951923781195,0.010400000000000006,0.035415699999999994,0.3728872859404231,0.0012451988884769616,0.3050391278780477,0.0114642,0.09810167690657419
201011,2010,11,-0.000151,0.313211872231201,0.4447890747373513,0.01914672539635481,0.010500000000000002,0.0366256,0.3766947543253601,0.0004206464238194485,0.29930702683615823,0.007999,0.09810167690657419
201012,2010,12,0.066954,0.313211872231201,0.4447890747373513,0.01807273941668522,0.010800000000000004,0.0399782,0.35810031690752153,0.001718440789203024,0.29384615384615387,0.0351952,0.09810167690657419
201101,2011,1,0.023249000000000002,0.312287329601153,0.4438404982319758,0.017854477031692222,0.010499999999999995,0.0417,0.3486322237012831,0.004763230053974166,0.29189017414516333,-0.00020000000000000226,0.09752337622941919
201102,2011,2,0.032408,0.312287329601153,0.4438404982319758,0.017477886107804284,0.00930000000000001,0.041299999999999996,0.3390965734635222,0.00493136502545144,0.2899987498437305,0.004399999999999999,0.09752337622941919
201103,2011,3,0.000525,0.312287329601153,0.4438404982319758,0.017672703136902924,0.009000000000000001,0.0419,0.3542699393574372,0.0097510720305094,0.28816873693272665,-0.0066,0.09752337622941919
201104,2011,4,0.029441,0.312287329601153,0.4438404982319758,0.01740551428438728,0.008599999999999997,0.040999999999999995,0.34069680122773904,0.006439429535457064,0.28886770254371386,0.004,0.09752337622941919
201105,2011,5,-0.011313,0.312287329601153,0.4438404982319758,0.017869213995440583,0.008200000000000006,0.038700000000000005,0.34722218907396224,0.004704187527233561,0.2895522987351938,-0.009799999999999996,0.09752337622941919
201106,2011,6,-0.016545,0.312287329601153,0.4438404982319758,0.0184312151684032,0.007600000000000003,0.0405,0.35157003916438573,-0.0010709670566992902,0.2902229641111244,-0.003100000000000002,0.09752337622941919
201107,2011,7,-0.019828,0.312287329601153,0.4438404982319758,0.019052372550840378,0.008300000000000002,0.0374,0.3594189030275281,0.0008860456667936223,0.2899772298994976,0.005100000000000007,0.09752337622941919
201108,2011,8,-0.054423000000000006,0.312287329601153,0.4438404982319758,0.020429242999778486,0.009899999999999999,0.0313,0.3758125221185979,0.0027575889023645495,0.28973742388395457,-0.0622,0.09752337622941919
201109,2011,9,-0.070238,0.312287329601153,0.4438404982319758,0.022256102950274876,0.011799999999999998,0.0264,0.3999228470006543,0.0015184621156945077,0.2895033340997931,-0.012900000000000002,0.09752337622941919
201110,2011,10,0.109014,0.312287329601153,0.4438404982319758,0.020422617622809117,0.013899999999999996,0.028900000000000002,0.3650779045772442,-0.0020626826333582926,0.29430454946150014,0.04,0.09752337622941919
201111,2011,11,-0.002727,0.312287329601153,0.4438404982319758,0.02085899574431684,0.012699999999999996,0.027200000000000002,0.3623298975234275,-0.0008435613304419443,0.299106869058571,-0.0607,0.09752337622941919
201112,2011,12,0.009427,0.312287329601153,0.4438404982319758,0.02101224554707379,0.013199999999999996,0.0254,0.35723254070370847,-0.0024665163771382392,0.30391029327199537,0.0242,0.09752337622941919
201201,2012,1,0.045205,0.311226761464513,0.4420326523177663,0.02037041270131539,0.013800000000000007,0.024599999999999997,0.34548730260882093,0.004400191428267641,0.30560509068739516,0.019200000000000002,0.09686209705168887
201202,2012,2,0.043341,0.311226761464513,0.4420326523177663,0.0198023451076875,0.012899999999999995,0.026299999999999997,0.3369739354404354,0.004402973551276279,0.30727947581714204,0.0253,0.09686209705168887
201203,2012,3,0.032866,0.311226761464513,0.4420326523177663,0.019420363941014006,0.012400000000000001,0.028900000000000002,0.3461819673570471,0.0075945586239309915,0.30893381522475716,-9.99999999999994e-05,0.09686209705168887
201204,2012,4,-0.006034,0.311226761464513,0.4420326523177663,0.01979765030176001,0.012300000000000005,0.026000000000000002,0.3461403111786845,0.0030210295040804525,0.3133056603773585,-0.015799999999999998,0.09686209705168887
201205,2012,5,-0.059890000000000006,0.311226761464513,0.4420326523177663,0.02136688213401713,0.012700000000000003,0.0212,0.36904735969403196,-0.0011734793663211729,0.3176980104395189,-0.029899999999999996,0.09686209705168887
201206,2012,6,0.041465,0.311226761464513,0.4420326523177663,0.020790509191284428,0.013799999999999993,0.0224,0.35510388514365976,-0.0014663968844504938,0.3221110100090992,0.02,0.09686209705168887
201207,2012,7,0.014363,0.311226761464513,0.4420326523177663,0.0208387707952711,0.014699999999999998,0.0206,0.3515937051261158,-0.0016297858618254946,0.32869558588091785,0.03649999999999999,0.09686209705168887
201208,2012,8,0.022644,0.311226761464513,0.4420326523177663,0.020735874722139277,0.014300000000000007,0.0213,0.34938705232055395,0.005565158181437102,0.3353518319791507,-0.0024999999999999988,0.09686209705168887
201209,2012,9,0.02502,0.311226761464513,0.4420326523177663,0.02053905474536153,0.013499999999999998,0.0224,0.34038295380040234,0.004462212267611232,0.34208092485549135,0.002,0.09686209705168887
201210,2012,10,-0.017936999999999998,0.311226761464513,0.4420326523177663,0.02134482921389201,0.011099999999999999,0.0228,0.349237122092535,-0.00038892514055322014,0.3484526302187555,0.022,0.09686209705168887
201211,2012,11,0.005226,0.311226761464513,0.4420326523177663,0.02167424200693379,0.010099999999999998,0.0219,0.3511375309199284,-0.00473808669488196,0.3548238445443067,-0.0236,0.09686209705168887
201212,2012,12,0.008408,0.311226761464513,0.4420326523177663,0.021909382388089416,0.009800000000000003,0.0239,0.3490324431820784,-0.002693064490207231,0.36119456788890575,0.013999999999999999,0.09686209705168887
201301,2013,1,0.052361,0.310888380097752,0.4414155027033706,0.021050039984649042,0.009300000000000003,0.0284,0.3299840266424638,0.002957304192926058,0.36286370897594245,0.001899999999999999,0.09665158487980431
201302,2013,2,0.013013,0.310888380097752,0.4414155027033706,0.02101012011430527,0.009499999999999995,0.0275,0.32543123229658283,0.008190029529268728,0.36451768242605365,-0.0020999999999999994,0.09665158487980431
201303,2013,3,0.037584,0.310888380097752,0.4414155027033706,0.020464024157730572,0.009199999999999993,0.0278,0.34612999655658244,0.0026145085843749527,0.3661566940486801,0.004399999999999999,0.09665158487980431
201304,2013,4,0.019621,0.310888380097752,0.4414155027033706,0.020341357073276514,0.008599999999999997,0.0258,0.3400362538578687,-0.0010396394770870732,0.3660229977798501,-0.0029,0.09665158487980431
201305,2013,5,0.02312,0.310888380097752,0.4414155027033706,0.020163570876436145,0.008399999999999998,0.0305,0.3338325977783173,0.0017804077735872337,0.36589252490029095,0.009299999999999996,0.09665158487980431
201306,2013,6,-0.013601,0.310888380097752,0.4414155027033706,0.020710175886224442,0.009200000000000007,0.0325,0.33844435799753175,0.002399708085599528,0.365765160225669,-0.0086,0.09665158487980431
201307,2013,7,0.050672,0.310888380097752,0.4414155027033706,0.019959027449284746,0.009800000000000003,0.034,0.3255625650825766,0.0003939975332329926,0.3653548848092385,0.020399999999999998,0.09665158487980431
201308,2013,8,-0.029207,0.310888380097752,0.4414155027033706,0.020836097026669782,0.008799999999999995,0.0347,0.3407133274050307,0.0012029315570472043,0.36495464294369795,0.0005000000000000004,0.09665158487980431
201309,2013,9,0.03166,0.310888380097752,0.4414155027033706,0.020459642223662183,0.008300000000000002,0.0347,0.33352148460607534,0.001163004485263519,0.3645640710098458,-0.004699999999999999,0.09665158487980431
201310,2013,10,0.046268,0.310888380097752,0.4414155027033706,0.01969778975943909,0.0077999999999999944,0.0337,0.3245948249521573,-0.002575283259804717,0.3592436729844792,0.0083,0.09665158487980431
201311,2013,11,0.030817,0.310888380097752,0.4414155027033706,0.01926891526068143,0.0075,0.0354,0.3136852784431082,-0.002042424190523473,0.35413373002908505,0.015,0.09665158487980431
201312,2013,12,0.02595,0.310888380097752,0.4414155027033706,0.018931400868736136,0.007600000000000003,0.0371,0.3044081256417155,-8.58114978825597e-05,0.34922199710316487,0.0209,0.09665158487980431
201401,2014,1,-0.034666,0.310315196548275,0.44010966535169155,0.019860945271072013,0.006999999999999999,0.033800000000000004,0.3214292766667622,0.003720247673236088,0.35257018188308975,-0.021700000000000004,0.09629552120879455
201402,2014,2,0.045757,0.310315196548275,0.44010966535169155,0.019261502461364058,0.006499999999999992,0.0334,0.30916307176147595,0.003697908650968751,0.3559039491730712,0.009399999999999999,0.09629552120879455
201403,2014,3,0.008056,0.310315196548275,0.44010966535169155,0.01934887844772132,0.0068000000000000005,0.0332,0.35061606571043513,0.006440044126228228,0.35922339189694136,-0.00010000000000000026,0.09629552120879455
201404,2014,4,0.006555,0.310315196548275,0.44010966535169155,0.019433642956294746,0.006600000000000002,0.032299999999999995,0.3480113190887796,0.003296754453157691,0.36033080159613695,-0.002100000000000001,0.09629552120879455
201405,2014,5,0.023309,0.310315196548275,0.44010966535169155,0.019233167611376993,0.005999999999999998,0.0306,0.3451732559996698,0.0034926098400485106,0.3614218394172696,-0.0091,0.09629552120879455
201406,2014,6,0.020635,0.310315196548275,0.44010966535169155,0.019069536124292248,0.005499999999999998,0.0309,0.34292845851211773,0.0018621269440941557,0.3624968657575775,0.0045000000000000005,0.09629552120879455
201407,2014,7,-0.013974,0.310315196548275,0.44010966535169155,0.019553827581508983,0.005700000000000004,0.030699999999999998,0.34837985184111864,-0.0003901939641608454,0.36276734429973045,-0.0032999999999999995,0.09629552120879455
201408,2014,8,0.039777,0.310315196548275,0.44010966535169155,0.01902958504752617,0.006100000000000001,0.028399999999999998,0.33747620398340195,-0.0016705141657922251,0.3630329462607526,-0.0013000000000000025,0.09629552120879455
201409,2014,9,-0.013928,0.310315196548275,0.44010966535169155,0.01951772371027235,0.006899999999999996,0.0298,0.33857618128370165,0.0007525688243108508,0.3632938023455365,-0.010099999999999998,0.09629552120879455
201410,2014,10,0.023972,0.310315196548275,0.44010966535169155,0.01923182671156084,0.0077000000000000055,0.028,0.3318083645572415,-0.0025122778125539202,0.3705322969983644,-0.0075,0.09629552120879455
201411,2014,11,0.027631,0.310315196548275,0.44010966535169155,0.018924222026929158,0.0087,0.0262,0.3236617860203811,-0.005399417941061246,0.3779409282052706,-0.011300000000000001,0.09629552120879455
201412,2014,12,-0.002473,0.310315196548275,0.44010966535169155,0.019157385542148693,0.009500000000000001,0.0243,0.3237556717220995,-0.005670100910010967,0.38552576573873465,-0.010699999999999998,0.09629552120879455
201501,2015,1,-0.02943,0.310548399216006,0.4393023433778501,0.019998912715078636,0.009900000000000006,0.0197,0.33616876250731864,-0.004705892373473297,0.3938950604942798,-0.011000000000000003,0.09644030825562384
201502,2015,2,0.056976,0.310548399216006,0.4393023433778501,0.019174207774863984,0.009000000000000001,0.023600000000000003,0.3182272910267086,0.0043430449237722435,0.40243462912337935,0.020300000000000006,0.09644030825562384
201503,2015,3,-0.014993,0.310548399216006,0.4393023433778501,0.01973345388701356,0.009000000000000001,0.022699999999999998,0.30745404508970464,0.00595172161109736,0.41114972137971695,-0.0079,0.09644030825562384
201504,2015,4,0.009101,0.310548399216006,0.4393023433778501,0.019716235822783666,0.009600000000000004,0.0247,0.3063442096979236,0.002032873254587786,0.4204192819052103,0.002700000000000001,0.09644030825562384
201505,2015,5,0.012522,0.310548399216006,0.4393023433778501,0.01965948713455984,0.009099999999999997,0.026000000000000002,0.30344995302787015,0.0050972320254947245,0.4299671825744795,-0.0045000000000000005,0.09644030825562384
201506,2015,6,-0.019343,0.310548399216006,0.4393023433778501,0.020232561349152432,0.009399999999999992,0.028300000000000002,0.31018683266447256,0.003502869998528224,0.43980615119517374,-0.0022000000000000006,0.09644030825562384
201507,2015,7,0.021297,0.310548399216006,0.4393023433778501,0.0199626072418708,0.010500000000000002,0.026,0.3089532647516713,6.7047159295619e-05,0.44920992630255524,-0.008999999999999998,0.09644030825562384
201508,2015,8,-0.060086,0.310548399216006,0.4393023433778501,0.02142515581032231,0.011500000000000003,0.0257,0.3306709874074527,-0.0014162762828194841,0.45890306928602825,-0.0079,0.09644030825562384
201509,2015,9,-0.024547,0.310548399216006,0.4393023433778501,0.022140485235855042,0.012699999999999996,0.0251,0.3356119547796398,-0.0015567565753034085,0.4688991452622196,-0.004099999999999998,0.09644030825562384
201510,2015,10,0.083449,0.310548399216006,0.4393023433778501,0.020584646842009745,0.013899999999999996,0.0257,0.3094136282987442,-0.00044968375044651676,0.47940519088996003,0.0073,0.09644030825562384
201511,2015,11,0.003373,0.310548399216006,0.4393023433778501,0.020714855357045796,0.014000000000000005,0.0253,0.3084291576937142,-0.0021106803790814643,0.4902402974038113,0.0085,0.09644030825562384
201512,2015,12,-0.015347,0.310548399216006,0.4393023433778501,0.021227574495022866,0.014900000000000004,0.0245,0.31364881437793796,-0.0034170964371187385,0.5014201705874279,0.0022,0.09644030825562384
201601,2016,1,-0.0492,0.310518159341771,0.4381076465839905,0.022445971342919546,0.014499999999999999,0.020999999999999998,0.331910629588918,0.0016531022090686687,0.5034748143166037,-0.040900000000000006,0.09642152728100149
201602,2016,2,-0.0019420000000000001,0.310518159341771,0.4381076465839905,0.022623215412162268,0.0138,0.018600000000000002,0.33090182544728003,0.000823076533454925,0.505530883726637,-0.006200000000000001,0.09642152728100149
201603,2016,3,0.06713999999999999,0.310518159341771,0.4381076465839905,0.021301688365181228,0.0131,0.0189,0.3279547912959448,0.004306000143392774,0.5075883803019248,0.0426,0.09642152728100149
201604,2016,4,0.003647,0.310518159341771,0.4381076465839905,0.021338587866874335,0.011699999999999995,0.02,0.3263208886868419,0.004741067979104008,0.5088982161830897,0.0199,0.09642152728100149
201605,2016,5,0.018387,0.310518159341771,0.4381076465839905,0.021109340446654794,0.010299999999999997,0.0192,0.32607211927678326,0.004045790998115084,0.5102032209498936,-0.006600000000000001,0.09642152728100149
201606,2016,6,0.0024749999999999998,0.310518159341771,0.4381076465839905,0.021182869451878618,0.010299999999999997,0.015199999999999998,0.3234753616705865,0.0032843661672818936,0.5115034212812927,-0.0213,0.09642152728100149
201607,2016,7,0.036371,0.310518159341771,0.4381076465839905,0.020541259671095977,0.009399999999999999,0.014500000000000002,0.314661158925882,-0.001618136404749948,0.5094338647673625,0.0164,0.09642152728100149
201608,2016,8,0.001047,0.310518159341771,0.4381076465839905,0.020653210191122998,0.0092,0.0156,0.3151974253405272,0.0009184301078843937,0.5073981893370629,0.015600000000000001,0.09642152728100149
201609,2016,9,0.000246,0.310518159341771,0.4381076465839905,0.02076572166185148,0.009000000000000001,0.0167,0.31679388687551713,0.002403995864628916,0.5053955697355788,0.0004999999999999987,0.09642152728100149
201610,2016,10,-0.018157999999999997,0.310518159341771,0.4381076465839905,0.021282911381414495,0.0087,0.018699999999999998,0.3196877814536319,0.0012467485130143174,0.4977523048464903,0.005099999999999997,0.09642152728100149
201611,2016,11,0.03569,0.310518159341771,0.4381076465839905,0.020681929206910168,0.008500000000000008,0.0222,0.3032857864479349,-0.0015554608673349346,0.4904090667469658,0.008900000000000005,0.09642152728100149
201612,2016,12,0.018895,0.310518159341771,0.4381076465839905,0.020412717126935882,0.0077000000000000055,0.022099999999999998,0.2934790968799652,0.0003273213923173923,0.48334852972287534,0.0116,0.09642152728100149
201701,2017,1,0.018983999999999997,0.307305605698839,0.4364269011352139,0.020153793144300533,0.007400000000000004,0.022699999999999998,0.29197964998894116,0.0058277278902547636,0.47611745679615003,-0.0063999999999999994,0.09443673529393032
201702,2017,2,0.039059,0.307305605698839,0.4364269011352139,0.01952714985598445,0.006899999999999996,0.0218,0.27867783260184326,0.0031461173864164582,0.46916765895904233,0.0075,0.09443673529393032
201703,2017,3,0.001364,0.307305605698839,0.4364269011352139,0.01963094417490838,0.006699999999999998,0.02,0.2815988893326394,0.0008127978719472129,0.462483037707071,-0.0021999999999999997,0.09443673529393032
201704,2017,4,0.010091,0.307305605698839,0.4364269011352139,0.019571046892020515,0.007000000000000006,0.0185,0.2778700263279923,0.002965533365326678,0.45956620854537766,0.003100000000000002,0.09443673529393032
201705,2017,5,0.013952,0.307305605698839,0.4364269011352139,0.01946270556291289,0.006999999999999999,0.0167,0.2769687672318408,0.0008547218268963874,0.4567199516456966,0.006799999999999997,0.09443673529393032
201706,2017,6,0.005198,0.307305605698839,0.4364269011352139,0.01948453672068572,0.006900000000000003,0.016,0.2725452275230835,0.0009071110148610728,0.4539417363933642,0.011800000000000001,0.09443673529393032
201707,2017,7,0.019996,0.307305605698839,0.4364269011352139,0.01924343048598048,0.0068999999999999895,0.0155,0.26580367876679495,-0.0006899226388520363,0.4525613792121637,0.0087,0.09443673529393032
201708,2017,8,0.001338,0.307305605698839,0.4364269011352139,0.01936159125389499,0.0068000000000000005,0.0141,0.2651136136458018,0.0029944522971085963,0.4512075723670904,-0.013600000000000001,0.09443673529393032
201709,2017,9,0.019149999999999997,0.307305605698839,0.4364269011352139,0.019121166062848013,0.006699999999999998,0.0156,0.2597061667913033,0.005294905893230117,0.44987955713542715,0.016799999999999995,0.09443673529393032
201710,2017,10,0.023232,0.307305605698839,0.4364269011352139,0.018804343992140662,0.007199999999999998,0.0154,0.24890619858272187,-0.0006320421037276924,0.44833423432826436,0.0089,0.09443673529393032
201711,2017,11,0.030589,0.307305605698839,0.4364269011352139,0.01883251789633559,0.006999999999999999,0.013699999999999999,0.2397271007435743,2.4324685907517463e-05,0.44681538872009846,-0.0015999999999999999,0.09443673529393032
201712,2017,12,0.010249,0.307305605698839,0.4364269011352139,0.01830185306656896,0.007099999999999995,0.012199999999999999,0.2353933430957158,-0.0005878322772623346,0.4453223456098263,0.0154,0.09443673529393032
201801,2018,1,0.056960000000000004,0.30970265586233,0.4345983120132551,0.017454794321594896,0.007100000000000002,0.014300000000000002,0.22251914863023572,0.0054477454527752656,0.44113087189674427,0.007199999999999998,0.0959157350481808
201802,2018,2,-0.038761,0.30970265586233,0.4345983120132551,0.01829371263893393,0.006900000000000003,0.014399999999999996,0.23247806561935658,0.004534689974865724,0.4370761782860494,-0.008899999999999998,0.0959157350481808
201803,2018,3,-0.026659,0.30970265586233,0.4345983120132551,0.01893430179773076,0.0076999999999999985,0.0115,0.2595371634614786,0.002261125904149175,0.43315167696269263,-0.0135,0.0959157350481808
201804,2018,4,0.0023699999999999997,0.30970265586233,0.4345983120132551,0.019007237945673702,0.008199999999999999,0.012399999999999998,0.2588922719099124,0.003975091563348965,0.42731590821293797,-0.0023,0.0959157350481808
201805,2018,5,0.022400000000000003,0.30970265586233,0.4345983120132551,0.018726856578274727,0.008300000000000002,0.010299999999999997,0.2562128847502277,0.004158916925434797,0.4217081295408652,-0.0023999999999999994,0.0959157350481808
201806,2018,6,0.0054399999999999995,0.30970265586233,0.4345983120132551,0.018757671012031952,0.008700000000000006,0.010100000000000001,0.2577375109233456,0.001593875701543901,0.41631523635677087,-0.0131,0.0959157350481808
201807,2018,7,0.035544000000000006,0.30970265586233,0.4345983120132551,0.018265114248745197,0.0092,0.010600000000000002,0.24613834482449276,6.746326228523891e-05,0.41113514272757645,0.0232,0.0959157350481808
201808,2018,8,0.031338000000000005,0.30970265586233,0.4345983120132551,0.01788353244720696,0.008899999999999991,0.009000000000000001,0.24092802491987234,0.0005555423283571947,0.40616887021515374,-0.0094,0.0959157350481808
201809,2018,9,0.003638,0.30970265586233,0.4345983120132551,0.017961343428864046,0.008999999999999994,0.0121,0.23643433008381864,0.0011620251758901468,0.40140344754077195,0.0398,0.0959157350481808
201810,2018,10,-0.070309,0.30970265586233,0.4345983120132551,0.019474109997553772,0.009300000000000003,0.012700000000000003,0.2490728052824203,0.001766763455725906,0.40294572102220255,-0.0119,0.0959157350481808
201811,2018,11,0.017952,0.30970265586233,0.4345983120132551,0.019302597508375086,0.010000000000000002,0.008399999999999998,0.24495027499700453,-0.0033493485181009808,0.4044723832630893,-0.043399999999999994,0.0959157350481808
201812,2018,12,-0.092546,0.30970265586233,0.4345983120132551,0.021440524197545472,0.011100000000000006,0.004699999999999999,0.2681669071557726,-0.0031939628151310684,0.4059836701005882,-0.011099999999999992,0.0959157350481808
201901,2019,1,0.07930899999999999,0.310248851274995,0.43314594238560555,0.020023083926119064,0.0119,0.0033999999999999968,0.25022941580900443,0.0019065966652469513,0.40692754871518994,0.0197,0.09625434971745397
201902,2019,2,0.029908,0.310248851274995,0.43314594238560555,0.019587309893380044,0.0116,0.0029,0.2413818799197407,0.004227053140096748,0.40786201607157585,0.0017000000000000001,0.09625434971745397
201903,2019,3,0.017631,0.310248851274995,0.43314594238560555,0.019382202706345074,0.010700000000000001,0.0016999999999999967,0.24371670582689178,0.005641358356806014,0.4087872122286525,0.003799999999999998,0.09625434971745397
201904,2019,4,0.038529,0.310248851274995,0.43314594238560555,0.01877808034300741,0.010099999999999998,0.0015000000000000013,0.23762921631855416,0.0052950016128905375,0.41071922198885125,0.0037,0.09625434971745397
201905,2019,5,-0.065287,0.310248851274995,0.43314594238560555,0.020238349860683385,0.009600000000000004,0.0005000000000000004,0.25465413872437553,0.0021287585893843275,0.41264283440339034,-0.015400000000000004,0.09625434971745397
201906,2019,6,0.067761,0.310248851274995,0.43314594238560555,0.01906249134910843,0.0104,-0.0010000000000000009,0.23756622856436166,0.00019914718148150712,0.41455810410126503,0.0233,0.09625434971745397
201907,2019,7,0.012702999999999999,0.310248851274995,0.43314594238560555,0.01894322905430598,0.009900000000000006,-0.00040000000000000105,0.23522889363166583,0.0016709416224534035,0.41982464896278,0.006,0.09625434971745397
201908,2019,8,-0.017685,0.310248851274995,0.43314594238560555,0.019422361351504304,0.008899999999999998,-0.0032000000000000015,0.2393358919139263,-5.066823608290694e-05,0.4251534358833958,-0.005899999999999989,0.09625434971745397
201909,2019,9,0.016991,0.310248851274995,0.43314594238560555,0.019222205192999647,0.008800000000000006,-0.001899999999999999,0.23476956170871438,0.0007834485769300237,0.43054557482308287,0.0001999999999999988,0.09625434971745397
201910,2019,10,0.020121,0.310248851274995,0.43314594238560555,0.018949379654467968,0.0091,0.0005999999999999998,0.233646326693956,0.002286190552229783,0.4260854155099498,0.0058,0.09625434971745397
201911,2019,11,0.035006,0.310248851274995,0.43314594238560555,0.01843381716444131,0.008799999999999995,0.002700000000000001,0.22527396536777514,-0.0005362430346691482,0.4217675602308459,0.0073,0.09625434971745397
201912,2019,12,0.028387000000000003,0.310248851274995,0.43314594238560555,0.018026799111349197,0.008700000000000003,0.0032000000000000015,0.22142950074082315,-0.0009097695250538385,0.41758530548320016,0.016399999999999998,0.09625434971745397
202001,2020,1,-0.001192,0.311741033207543,0.43217085948632356,0.018194673385775934,0.008299999999999998,0.002400000000000001,0.2236426191938769,0.003879769937814803,0.4454217337462089,-0.011300000000000004,0.09718247178530642
202002,2020,2,-0.08307200000000001,0.311741033207543,0.43217085948632356,0.020016770329506283,0.008300000000000002,-0.00020000000000000052,0.24869782455898695,0.002740618131495287,0.47672004334104257,-0.0308,0.09718247178530642
202003,2020,3,-0.123197,0.311741033207543,0.43217085948632356,0.02305224565071447,0.0127,0.0058,0.30215179580129536,-0.002176451031784654,0.5121688608818028,-0.09759999999999999,0.09718247178530642
202004,2020,4,0.12889,0.311741033207543,0.43217085948632356,0.020469117858660273,0.016999999999999994,0.0052,0.2720112323644567,-0.006686941866997254,0.5388671510901016,0.026500000000000003,0.09718247178530642
202005,2020,5,0.047717999999999997,0.311741033207543,0.43217085948632356,0.019593649222259153,0.014499999999999999,0.0054,0.2608943230360661,1.9501616683959e-05,0.56846604654356,0.018099999999999998,0.09718247178530642
202006,2020,6,0.020248000000000002,0.311741033207543,0.43217085948632356,0.019250912528354952,0.012000000000000004,0.0057,0.2565505786258643,0.005472046927775365,0.6014653996022732,0.0123,0.09718247178530642
202007,2020,7,0.05681,0.311741033207543,0.43217085948632356,0.018160758386442308,0.011699999999999995,0.0049,0.25057624926593897,0.005058243501669724,0.6007080353214826,0.032299999999999995,0.09718247178530642
202008,2020,8,0.07196799999999999,0.311741033207543,0.43217085948632356,0.01689239762866282,0.0102,0.0055000000000000005,0.232933438386496,0.0031532105240814623,0.5999454967725987,-0.013899999999999996,0.09718247178530642
202009,2020,9,-0.038251,0.311741033207543,0.43217085948632356,0.01749962435745178,0.010499999999999999,0.0057,0.23836947702984337,0.0013927469432666317,0.5991777307484253,-0.0039000000000000007,0.09718247178530642
202010,2020,10,-0.026508999999999998,0.311741033207543,0.43217085948632356,0.017939191872299236,0.0109,0.006900000000000001,0.24988337685271833,0.0004149377593360981,0.6056417371519112,0.004799999999999999,0.09718247178530642
202011,2020,11,0.109304,0.311741033207543,0.43217085948632356,0.016144565567265814,0.010000000000000002,0.0078,0.22343499229384345,-0.0006106272178441063,0.6122903134115144,0.0416,0.09718247178530642
202012,2020,12,0.041471999999999995,0.311741033207543,0.43217085948632356,0.015515910549060633,0.009000000000000005,0.008400000000000001,0.2163695171741409,0.0009414784670425114,0.6191314791884647,0.0115,0.09718247178530642
